{"cameraMode":{"drawMode":0,"name":"Shaded","section":"Shading Mode"},"sceneLighting":true,"audioPlay":false,"sceneViewState":{"m_AlwaysRefresh":false,"showFog":true,"showSkybox":true,"showFlares":true,"showImageEffects":true,"showParticleSystems":true,"showVisualEffectGraphs":true,"m_FxEnabled":true},"in2DMode":false,"pivot":{"x":0.802349328994751,"y":5.233160018920898,"z":-11.10658073425293},"rotation":{"x":0.22924856841564179,"y":0.00583489378914237,"z":-0.0013745696051046253,"w":0.9733502864837647},"size":12.002092361450196,"orthographic":false}